Calr_1	ATCTCAGAGGAGGGCAGGAGAAGGGGGTGGTGTTTTCCCTCCCCCCGCACTGAGGAAGAATGGGGCTCTTCTCATCCCCTTTCTCCCTTGCCCCCAGGACTGGGCCACTTGTGGGGCAGCCAGTTCTAGCACAGCTCACACTGAGAGTGTAAGAACT	GGACTGGGCCACTTGTGGGG	-17	30	ACGTAG	63	T1_in_vitro	EPC	R705	Dox
Myl6_1	TGAGGACATTCTGTATCCCGAGTCTGTTCCTTGCCCAGTGTGATTTCTGTGTGGCTCCAGAGGCTCCCCTGTCACAGCACCTTGCCCATTTGGTTTCTTTTGGATGATGTTTGCCTTCACCAAATAAAATTTGCTCTCTTTGCCCTCTTT	GTCACAGCACCTTGCCCATT	-3	30	CAGATC	66	T1_in_vitro	EPC	R705	Dox
Calm2_1	AATGAGGGAACATCTGGGTTATGCCTTTTTTAAAGTAGCTTTTAGGAACTGTCAGCATGTTGTTGTTGAAGTGTGGAGCTGTAACTCTGCGTGGACTGTGGACAGTCAACAATATGTACTTAAAAGTTGCACTATTGCAAAACGGG	CTGTAACTCTGCGTGGACTG	-3	30	CTTGTA	68	T1_in_vitro	EPC	R705	Dox
Rpl39-1	TGGAGGAGAACGAAGCTGGGTCTGTAAGGATTCACACAATGGCAAGACTGAGGATTTATACTGAATTGTCATCAATCAGTCCTACCAGATGGATTTCAACATTTAAACCTGGAGACTCTTCGTGTCTTGAATTAGGATGTTTGTCCAG	GGAGACTCTTCGTGTCTTGA	-17	20	GTAGTC	67	T1_in_vitro	EPC	R701	Dox
Cfl1_1	GTTCTGGCCTTCCCAAACTGCTTTTGATCTTCTGATTCCTCTTGGGTTGACGCAGACCAAGTCCCGTCCTAGGCACCCAGTTTGGGGGGAGCCTGTAtttttttttttAACGACACCCCTACTCCGTATCCCTCCCCATCCCATGCTGCCAACTTCTAA	CGCAGACCAAGTCCCGTCCT	-3	30	TTAGGC	62	T1_in_vitro	EPC	R705	Dox
Acta1_1	ACAATCGTGCTGTGGTTGCAGGGTGGCCCCGTCCTCCGCCGTGGCTCCATCGCCGCCACTGCAGCCGGCGCCTGTTTTTGACGTGTACATAGATTGACTCGTTTTACCTCATTTTGTTATTTTTCAAACAAAGCCCTGTGGA	GCGCCTGTTTTTGACGTGTA	-17	30	GGCTAC	70	T1_in_vitro	EPC	R705	Dox
Hsp90b1_1	TTGTAATGTCGCCTGACCTTTGTTTTCACAGGAATCTACAGAGAAGGATGAATTGTAAATTATACTCTCGCTATGAATCCCGTGTGGAGAGGGAATGTGAAGTTTTGAAGTCATTTCTTTTGAGAGACTTGTTTTGGATGCT	GCTATGAATCCCGTGTGGAG	-3	30	CTGTGA	70	T1_in_vitro	EPC	R705	Dox
Calm1_1	AGTTGTCCGGTAGAAGTCAGATTATTTGCCATCTATCCCTTTGAGTAAGAAATCAGGGATGTGTGCTCCTCCCCTATATCGACGATGTTCATTAAAACACCTATAGCAAGGATGGTGGTGGTCCTTCTGTTACCGAAGTCACCCTTCACT	TATATCGACGATGTTCATTA	-17	30	GTAGTC	66	T1_in_vitro	EPC	R705	Dox-free
Hint1_2	ATCACATTCACCTCCATGTCCTTGGGGGTCGGCAGATGAACTGGCCTCCTGGTTAAAGCAGGTTGGGGATAAAGTGTCCTTCTCTAGATAGTTGGCAAGCTCCAGTAAGATAAATGGCACACGTAGTTTTGCCTGTATATGGAGAAATTG	GCAAGCTCCAGTAAGATAAA	-3	20	GATCAG	66	T1_in_vitro	EPC	R705	Dox-free
Btf3_2	GCAGAAATTACAGGAGCTGCTATTTTATATCATGACTGCTTTTTAAAATTTTTTTGTTTATTATGGATCTGATAAAATCTAGATCTCTAATATTTTTAAGCCCAAGCCCCCGGACACTGCAGCTCTTTTCAGTTTTCGCTATACCTAATTCATTCTTTGCGGC	AGCCCCCGGACACTGCAGCT	-17	30	GACCTA	61	T1_in_vitro	EPC	R705	Dox-free
Lgals1-1	AATAAAGGCAGCTGCCTCTGCTCCCCATAATCCAGCCCTTTCATGGGAGAGTGTTTGTGTGTGTCTATGTGAGGGGCCCCGCCCAACCTGGTCCATCTTCACTTCCATTCATGCCTCCATGTGTTCTTGGTCTCAGTGACCTCTCTTGT	CGCCCAACCTGGTCCATCTT	-17	30	ATCACG	67	T1_in_vitro	EPC	R705	Dox-free
Slc25a3-1	TCTGCTTGTTGATCAGTGTTGAAAGTGCAAAGGAACTTTTATATATTTGACAGTGTAGGAAATGTCTGTTCCTGATATAATTACTGTAGTACCCTTGCTTAAAGCAAGAGTTTCAAACTTAATGCTAAATAAACCCATCTATTCCTGATGTCT	GATATAATTACTGTAGTACC	-17	30	TGCACT	65	T1_in_vitro	EPC	R705	Dox-free
Tpt1_1	GGACTTAGGACAAATGGGACTGATGTCATCTTGAGCTTTTATTTTGACCGTGATTTATTTGGAGTGGTGGCATTGTTTTTTTAAGGAAAAAAAACATGTCATGTGGGTTGTCTAAAAATAAAGTGCATTTAAATCCACTTAA	TGATTTATTTGGAGTGGTGG	-17	30	GCACTA	70	T1_in_vitro	EPC	R705	Dox-free
Hsp90ab1_1	TGGAAGGCGATGAGGATGCCTCGCGCATGGAAGAGGTGGATTAAAGCCTCCTGGAAGAAGCCCTGCCCTCTGTATAGTATCCCCGTGGCTCCCCCAGCAGCCCTGACCCACCTGGCTCTCTGCTCATGTCTACAAG	CCCTCTGTATAGTATCCCCG	-3	30	GTAGTC	73	T1_in_vitro	EPC	R709	Dox-free
Fth1_2	CGTGACTTTACTGGTCACTGAGGCAGTGCATGCATGTCAGGCTGCCTTCATCTTTTCTATAAGTTGCACCAAAACATCTGCTTAAGTTCTTTAATTTGTACCATTTCTTCAAATAAAGAATTTTGGTACCCAGCTTCTTTTC	TCATCTTTTCTATAAGTTGC	-17	30	CTTGTA	70	T1_in_vitro	EPC	R709	Dox-free
Calm1_1	AGTTGTCCGGTAGAAGTCAGATTATTTGCCATCTATCCCTTTGAGTAAGAAATCAGGGATGTGTGCTCCTCCCCTATATCGACGATGTTCATTAAAACACCTATAGCAAGGATGGTGGTGGTCCTTCTGTTACCGAAGTCACCCTTCACT	TATATCGACGATGTTCATTA	-17	30	CATCGA	66	T1_in_vitro	EPC	R705	Dox
Hint1_2	ATCACATTCACCTCCATGTCCTTGGGGGTCGGCAGATGAACTGGCCTCCTGGTTAAAGCAGGTTGGGGATAAAGTGTCCTTCTCTAGATAGTTGGCAAGCTCCAGTAAGATAAATGGCACACGTAGTTTTGCCTGTATATGGAGAAATTG	GCAAGCTCCAGTAAGATAAA	-3	20	TAGCTT	66	T1_in_vitro	EPC	R705	Dox
Btf3_2	GCAGAAATTACAGGAGCTGCTATTTTATATCATGACTGCTTTTTAAAATTTTTTTGTTTATTATGGATCTGATAAAATCTAGATCTCTAATATTTTTAAGCCCAAGCCCCCGGACACTGCAGCTCTTTTCAGTTTTCGCTATACCTAATTCATTCTTTGCGGC	AGCCCCCGGACACTGCAGCT	-17	30	ACCAGT	61	T1_in_vitro	EPC	R705	Dox
Lgals1-1	AATAAAGGCAGCTGCCTCTGCTCCCCATAATCCAGCCCTTTCATGGGAGAGTGTTTGTGTGTGTCTATGTGAGGGGCCCCGCCCAACCTGGTCCATCTTCACTTCCATTCATGCCTCCATGTGTTCTTGGTCTCAGTGACCTCTCTTGT	CGCCCAACCTGGTCCATCTT	-17	30	CGATGT	67	T1_in_vitro	EPC	R705	Dox
Slc25a3-1	TCTGCTTGTTGATCAGTGTTGAAAGTGCAAAGGAACTTTTATATATTTGACAGTGTAGGAAATGTCTGTTCCTGATATAATTACTGTAGTACCCTTGCTTAAAGCAAGAGTTTCAAACTTAATGCTAAATAAACCCATCTATTCCTGATGTCT	GATATAATTACTGTAGTACC	-17	30	GATGCA	65	T1_in_vitro	EPC	R705	Dox
Tpt1_1	GGACTTAGGACAAATGGGACTGATGTCATCTTGAGCTTTTATTTTGACCGTGATTTATTTGGAGTGGTGGCATTGTTTTTTTAAGGAAAAAAAACATGTCATGTGGGTTGTCTAAAAATAAAGTGCATTTAAATCCACTTAA	TGATTTATTTGGAGTGGTGG	-17	30	TGTAGC	70	T1_in_vitro	EPC	R705	Dox
Hsp90ab1_1	TGGAAGGCGATGAGGATGCCTCGCGCATGGAAGAGGTGGATTAAAGCCTCCTGGAAGAAGCCCTGCCCTCTGTATAGTATCCCCGTGGCTCCCCCAGCAGCCCTGACCCACCTGGCTCTCTGCTCATGTCTACAAG	CCCTCTGTATAGTATCCCCG	-3	30	CATCGA	73	T1_in_vitro	EPC	R709	Dox
Fth1_2	CGTGACTTTACTGGTCACTGAGGCAGTGCATGCATGTCAGGCTGCCTTCATCTTTTCTATAAGTTGCACCAAAACATCTGCTTAAGTTCTTTAATTTGTACCATTTCTTCAAATAAAGAATTTTGGTACCCAGCTTCTTTTC	TCATCTTTTCTATAAGTTGC	-17	30	GACCTA	70	T1_in_vitro	EPC	R709	Dox
Tpt1-1	GGACAAATGGGACTGATGTCATCTTGAGCTTTTATTTTGACCGTGATTTATTTGGAGTGGTGGCATTGTTTTTTTAAGGAAAAAAAACATGTCATGTGGGTTGTCTAAAAATAAAGTGCATTTAAATCCACTTAAGAACTCTTTGCTG	TGATTTATTTGGAGTGGTGG	-17	30	ATCACG	68	Day3_in_vitro	3T3	21.9.6	gRNA
Fth1-2	CGTGACTTTACTGGTCACTGAGGCAGTGCATGCATGTCAGGCTGCCTTCATCTTTTCTATAAGTTGCACCAAAACATCTGCTTAAGTTCTTTAATTTGTACCATTTCTTCAAATAAAGAATTTTGGTACCCAGCTTCTTTTC	TCATCTTTTCTATAAGTTGC	-17	30	GATCAG	70	Day3_in_vitro	3T3	21.9.6	gRNA
Calm2-1	AATGAGGGAACATCTGGGTTATGCCTTTTTTAAAGTAGCTTTTAGGAACTGTCAGCATGTTGTTGTTGAAGTGTGGAGCTGTAACTCTGCGTGGACTGTGGACAGTCAACAATATGTACTTAAAAGTTGCACTATTGCAAAACGGG	CTGTAACTCTGCGTGGACTG	-3	30	CTTGTA	68	Day3_in_vitro	3T3	21.9.26	gRNA
Hsp90ab1-1	TGGAAGGCGATGAGGATGCCTCGCGCATGGAAGAGGTGGATTAAAGCCTCCTGGAAGAAGCCCTGCCCTCTGTATAGTATCCCCGTGGCTCCCCCAGCAGCCCTGACCCACCTGGCTCTCTGCTCATGTCTACAAG	CCCTCTGTATAGTATCCCCG	-3	30	GTAGTC	73	Day3_in_vitro	3T3	21.9.26	gRNA
Myl6-1	TGAGGACATTCTGTATCCCGAGTCTGTTCCTTGCCCAGTGTGATTTCTGTGTGGCTCCAGAGGCTCCCCTGTCACAGCACCTTGCCCATTTGGTTTCTTTTGGATGATGTTTGCCTTCACCAAATAAAATTTGCTCTCTTTGCCCTCTTT	GTCACAGCACCTTGCCCATT	-3	30	CAGATC	66	Day3_in_vitro	3T3	21.9.26	gRNA
Acta1-1	ACAATCGTGCTGTGGTTGCAGGGTGGCCCCGTCCTCCGCCGTGGCTCCATCGCCGCCACTGCAGCCGGCGCCTGTTTTTGACGTGTACATAGATTGACTCGTTTTACCTCATTTTGTTATTTTTCAAACAAAGCCCTGTGGA	GCGCCTGTTTTTGACGTGTA	-17	30	GGCTAC	70	Day3_in_vitro	3T3	21.9.26	gRNA
Btf3-2	GCAGAAATTACAGGAGCTGCTATTTTATATCATGACTGCTTTTTAAAATTTTTTTGTTTATTATGGATCTGATAAAATCTAGATCTCTAATATTTTTAAGCCCAAGCCCCCGGACACTGCAGCTCTTTTCAGTTTTCGCTATACCTAATTCATTCTTTGCGGC	AGCCCCCGGACACTGCAGCT	-17	30	CTTGTA	61	Day3_in_vitro	3T3	21.10.11	gRNA
Calr-1	ATCTCAGAGGAGGGCAGGAGAAGGGGGTGGTGTTTTCCCTCCCCCCGCACTGAGGAAGAATGGGGCTCTTCTCATCCCCTTTCTCCCTTGCCCCCAGGACTGGGCCACTTGTGGGGCAGCCAGTTCTAGCACAGCTCACACTGAGAGTGTAAGAACT	GGACTGGGCCACTTGTGGGG	-17	30	ACGTAG	63	Day3_in_vitro	3T3	21.10.11	gRNA
Cfl1-1	GTTCTGGCCTTCCCAAACTGCTTTTGATCTTCTGATTCCTCTTGGGTTGACGCAGACCAAGTCCCGTCCTAGGCACCCAGTTTGGGGGGAGCCTGTAtttttttttttAACGACACCCCTACTCCGTATCCCTCCCCATCCCATGCTGCCAACTTCTAA	CGCAGACCAAGTCCCGTCCT	-3	30	TTAGGC	62	Day3_in_vitro	3T3	21.10.11	gRNA
Hint1-2	ATCACATTCACCTCCATGTCCTTGGGGGTCGGCAGATGAACTGGCCTCCTGGTTAAAGCAGGTTGGGGATAAAGTGTCCTTCTCTAGATAGTTGGCAAGCTCCAGTAAGATAAATGGCACACGTAGTTTTGCCTGTATATGGAGAAATTG	GCAAGCTCCAGTAAGATAAA	-3	20	GATCAG	66	Day3_in_vitro	3T3	21.10.11	gRNA
Hsp90b1-1	TTGTAATGTCGCCTGACCTTTGTTTTCACAGGAATCTACAGAGAAGGATGAATTGTAAATTATACTCTCGCTATGAATCCCGTGTGGAGAGGGAATGTGAAGTTTTGAAGTCATTTCTTTTGAGAGACTTGTTTTGGATGCT	GCTATGAATCCCGTGTGGAG	-3	30	GGCTAC	70	Day3_in_vitro	3T3	21.10.11	gRNA
Calm1-1	AGTTGTCCGGTAGAAGTCAGATTATTTGCCATCTATCCCTTTGAGTAAGAAATCAGGGATGTGTGCTCCTCCCCTATATCGACGATGTTCATTAAAACACCTATAGCAAGGATGGTGGTGGTCCTTCTGTTACCGAAGTCACCCTTCACT	TATATCGACGATGTTCATTA	-17	30	GTAGTC	66	Day3_in_vitro	3T3	22.8.10	gRNA
Rpl39-1	TGGAGGAGAACGAAGCTGGGTCTGTAAGGATTCACACAATGGCAAGACTGAGGATTTATACTGAATTGTCATCAATCAGTCCTACCAGATGGATTTCAACATTTAAACCTGGAGACTCTTCGTGTCTTGAATTAGGATGTTTGTCCAG	GGAGACTCTTCGTGTCTTGA	-17	20	GTAGTC	67	Day3_in_vitro	3T3	R702	gRNA
Lgals1-1	AATAAAGGCAGCTGCCTCTGCTCCCCATAATCCAGCCCTTTCATGGGAGAGTGTTTGTGTGTGTCTATGTGAGGGGCCCCGCCCAACCTGGTCCATCTTCACTTCCATTCATGCCTCCATGTGTTCTTGGTCTCAGTGACCTCTCTTGT	CGCCCAACCTGGTCCATCTT	-17	30	ATCACG	67	Day3_in_vitro	3T3	R702	gRNA
Slc25a3-1	TCTGCTTGTTGATCAGTGTTGAAAGTGCAAAGGAACTTTTATATATTTGACAGTGTAGGAAATGTCTGTTCCTGATATAATTACTGTAGTACCCTTGCTTAAAGCAAGAGTTTCAAACTTAATGCTAAATAAACCCATCTATTCCTGATGTCT	GATATAATTACTGTAGTACC	-17	30	TGCACT	65	Day3_in_vitro	3T3	R702	gRNA
Calr_1	ATCTCAGAGGAGGGCAGGAGAAGGGGGTGGTGTTTTCCCTCCCCCCGCACTGAGGAAGAATGGGGCTCTTCTCATCCCCTTTCTCCCTTGCCCCCAGGACTGGGCCACTTGTGGGGCAGCCAGTTCTAGCACAGCTCACACTGAGAGTGTAAGAACT	GGACTGGGCCACTTGTGGGG	-17	30	ACGTAG	63	T1_in_vitro	3T3	R705	Dox
Myl6_1	TGAGGACATTCTGTATCCCGAGTCTGTTCCTTGCCCAGTGTGATTTCTGTGTGGCTCCAGAGGCTCCCCTGTCACAGCACCTTGCCCATTTGGTTTCTTTTGGATGATGTTTGCCTTCACCAAATAAAATTTGCTCTCTTTGCCCTCTTT	GTCACAGCACCTTGCCCATT	-3	30	CAGATC	66	T1_in_vitro	3T3	R705	Dox
Calm2_1	AATGAGGGAACATCTGGGTTATGCCTTTTTTAAAGTAGCTTTTAGGAACTGTCAGCATGTTGTTGTTGAAGTGTGGAGCTGTAACTCTGCGTGGACTGTGGACAGTCAACAATATGTACTTAAAAGTTGCACTATTGCAAAACGGG	CTGTAACTCTGCGTGGACTG	-3	30	CTTGTA	68	T1_in_vitro	3T3	R705	Dox
Rpl39-1	TGGAGGAGAACGAAGCTGGGTCTGTAAGGATTCACACAATGGCAAGACTGAGGATTTATACTGAATTGTCATCAATCAGTCCTACCAGATGGATTTCAACATTTAAACCTGGAGACTCTTCGTGTCTTGAATTAGGATGTTTGTCCAG	GGAGACTCTTCGTGTCTTGA	-17	20	GTAGTC	67	T1_in_vitro	3T3	R701	Dox
Cfl1_1	GTTCTGGCCTTCCCAAACTGCTTTTGATCTTCTGATTCCTCTTGGGTTGACGCAGACCAAGTCCCGTCCTAGGCACCCAGTTTGGGGGGAGCCTGTAtttttttttttAACGACACCCCTACTCCGTATCCCTCCCCATCCCATGCTGCCAACTTCTAA	CGCAGACCAAGTCCCGTCCT	-3	30	TTAGGC	62	T1_in_vitro	3T3	R705	Dox
Acta1_1	ACAATCGTGCTGTGGTTGCAGGGTGGCCCCGTCCTCCGCCGTGGCTCCATCGCCGCCACTGCAGCCGGCGCCTGTTTTTGACGTGTACATAGATTGACTCGTTTTACCTCATTTTGTTATTTTTCAAACAAAGCCCTGTGGA	GCGCCTGTTTTTGACGTGTA	-17	30	GGCTAC	70	T1_in_vitro	3T3	R705	Dox
Hsp90b1_1	TTGTAATGTCGCCTGACCTTTGTTTTCACAGGAATCTACAGAGAAGGATGAATTGTAAATTATACTCTCGCTATGAATCCCGTGTGGAGAGGGAATGTGAAGTTTTGAAGTCATTTCTTTTGAGAGACTTGTTTTGGATGCT	GCTATGAATCCCGTGTGGAG	-3	30	CTGTGA	70	T1_in_vitro	3T3	R705	Dox
Calm1_1	AGTTGTCCGGTAGAAGTCAGATTATTTGCCATCTATCCCTTTGAGTAAGAAATCAGGGATGTGTGCTCCTCCCCTATATCGACGATGTTCATTAAAACACCTATAGCAAGGATGGTGGTGGTCCTTCTGTTACCGAAGTCACCCTTCACT	TATATCGACGATGTTCATTA	-17	30	GTAGTC	66	T1_in_vitro	3T3	R705	Dox-free
Hint1_2	ATCACATTCACCTCCATGTCCTTGGGGGTCGGCAGATGAACTGGCCTCCTGGTTAAAGCAGGTTGGGGATAAAGTGTCCTTCTCTAGATAGTTGGCAAGCTCCAGTAAGATAAATGGCACACGTAGTTTTGCCTGTATATGGAGAAATTG	GCAAGCTCCAGTAAGATAAA	-3	20	GATCAG	66	T1_in_vitro	3T3	R705	Dox-free
Btf3_2	GCAGAAATTACAGGAGCTGCTATTTTATATCATGACTGCTTTTTAAAATTTTTTTGTTTATTATGGATCTGATAAAATCTAGATCTCTAATATTTTTAAGCCCAAGCCCCCGGACACTGCAGCTCTTTTCAGTTTTCGCTATACCTAATTCATTCTTTGCGGC	AGCCCCCGGACACTGCAGCT	-17	30	GACCTA	61	T1_in_vitro	3T3	R705	Dox-free
Lgals1-1	AATAAAGGCAGCTGCCTCTGCTCCCCATAATCCAGCCCTTTCATGGGAGAGTGTTTGTGTGTGTCTATGTGAGGGGCCCCGCCCAACCTGGTCCATCTTCACTTCCATTCATGCCTCCATGTGTTCTTGGTCTCAGTGACCTCTCTTGT	CGCCCAACCTGGTCCATCTT	-17	30	ATCACG	67	T1_in_vitro	3T3	R705	Dox-free
Slc25a3-1	TCTGCTTGTTGATCAGTGTTGAAAGTGCAAAGGAACTTTTATATATTTGACAGTGTAGGAAATGTCTGTTCCTGATATAATTACTGTAGTACCCTTGCTTAAAGCAAGAGTTTCAAACTTAATGCTAAATAAACCCATCTATTCCTGATGTCT	GATATAATTACTGTAGTACC	-17	30	TGCACT	65	T1_in_vitro	3T3	R705	Dox-free
Tpt1_1	GGACTTAGGACAAATGGGACTGATGTCATCTTGAGCTTTTATTTTGACCGTGATTTATTTGGAGTGGTGGCATTGTTTTTTTAAGGAAAAAAAACATGTCATGTGGGTTGTCTAAAAATAAAGTGCATTTAAATCCACTTAA	TGATTTATTTGGAGTGGTGG	-17	30	GCACTA	70	T1_in_vitro	3T3	R705	Dox-free
Hsp90ab1_1	TGGAAGGCGATGAGGATGCCTCGCGCATGGAAGAGGTGGATTAAAGCCTCCTGGAAGAAGCCCTGCCCTCTGTATAGTATCCCCGTGGCTCCCCCAGCAGCCCTGACCCACCTGGCTCTCTGCTCATGTCTACAAG	CCCTCTGTATAGTATCCCCG	-3	30	GTAGTC	73	T1_in_vitro	3T3	R709	Dox-free
Fth1_2	CGTGACTTTACTGGTCACTGAGGCAGTGCATGCATGTCAGGCTGCCTTCATCTTTTCTATAAGTTGCACCAAAACATCTGCTTAAGTTCTTTAATTTGTACCATTTCTTCAAATAAAGAATTTTGGTACCCAGCTTCTTTTC	TCATCTTTTCTATAAGTTGC	-17	30	CTTGTA	70	T1_in_vitro	3T3	R709	Dox-free
Calm1_1	AGTTGTCCGGTAGAAGTCAGATTATTTGCCATCTATCCCTTTGAGTAAGAAATCAGGGATGTGTGCTCCTCCCCTATATCGACGATGTTCATTAAAACACCTATAGCAAGGATGGTGGTGGTCCTTCTGTTACCGAAGTCACCCTTCACT	TATATCGACGATGTTCATTA	-17	30	CATCGA	66	T1_in_vitro	3T3	R705	Dox
Hint1_2	ATCACATTCACCTCCATGTCCTTGGGGGTCGGCAGATGAACTGGCCTCCTGGTTAAAGCAGGTTGGGGATAAAGTGTCCTTCTCTAGATAGTTGGCAAGCTCCAGTAAGATAAATGGCACACGTAGTTTTGCCTGTATATGGAGAAATTG	GCAAGCTCCAGTAAGATAAA	-3	20	TAGCTT	66	T1_in_vitro	3T3	R705	Dox
Btf3_2	GCAGAAATTACAGGAGCTGCTATTTTATATCATGACTGCTTTTTAAAATTTTTTTGTTTATTATGGATCTGATAAAATCTAGATCTCTAATATTTTTAAGCCCAAGCCCCCGGACACTGCAGCTCTTTTCAGTTTTCGCTATACCTAATTCATTCTTTGCGGC	AGCCCCCGGACACTGCAGCT	-17	30	ACCAGT	61	T1_in_vitro	3T3	R705	Dox
Lgals1-1	AATAAAGGCAGCTGCCTCTGCTCCCCATAATCCAGCCCTTTCATGGGAGAGTGTTTGTGTGTGTCTATGTGAGGGGCCCCGCCCAACCTGGTCCATCTTCACTTCCATTCATGCCTCCATGTGTTCTTGGTCTCAGTGACCTCTCTTGT	CGCCCAACCTGGTCCATCTT	-17	30	CGATGT	67	T1_in_vitro	3T3	R705	Dox
Slc25a3-1	TCTGCTTGTTGATCAGTGTTGAAAGTGCAAAGGAACTTTTATATATTTGACAGTGTAGGAAATGTCTGTTCCTGATATAATTACTGTAGTACCCTTGCTTAAAGCAAGAGTTTCAAACTTAATGCTAAATAAACCCATCTATTCCTGATGTCT	GATATAATTACTGTAGTACC	-17	30	GATGCA	65	T1_in_vitro	3T3	R705	Dox
Tpt1_1	GGACTTAGGACAAATGGGACTGATGTCATCTTGAGCTTTTATTTTGACCGTGATTTATTTGGAGTGGTGGCATTGTTTTTTTAAGGAAAAAAAACATGTCATGTGGGTTGTCTAAAAATAAAGTGCATTTAAATCCACTTAA	TGATTTATTTGGAGTGGTGG	-17	30	TGTAGC	70	T1_in_vitro	3T3	R705	Dox
Hsp90ab1_1	TGGAAGGCGATGAGGATGCCTCGCGCATGGAAGAGGTGGATTAAAGCCTCCTGGAAGAAGCCCTGCCCTCTGTATAGTATCCCCGTGGCTCCCCCAGCAGCCCTGACCCACCTGGCTCTCTGCTCATGTCTACAAG	CCCTCTGTATAGTATCCCCG	-3	30	CATCGA	73	T1_in_vitro	3T3	R709	Dox
Fth1_2	CGTGACTTTACTGGTCACTGAGGCAGTGCATGCATGTCAGGCTGCCTTCATCTTTTCTATAAGTTGCACCAAAACATCTGCTTAAGTTCTTTAATTTGTACCATTTCTTCAAATAAAGAATTTTGGTACCCAGCTTCTTTTC	TCATCTTTTCTATAAGTTGC	-17	30	GACCTA	70	T1_in_vitro	3T3	R709	Dox
